id,name,zip_id/id
district_sv_010101,Ahuachapán,l10n_sv_base_location.zip_sv_0101_02101
district_sv_010102,Apaneca,l10n_sv_base_location.zip_sv_0101_02102
district_sv_010104,Concepción de Ataco,l10n_sv_base_location.zip_sv_0101_02106
district_sv_010111,Tacuba,l10n_sv_base_location.zip_sv_0101_02117
district_sv_010203,Atiquizaya,l10n_sv_base_location.zip_sv_0102_02103
district_sv_010205,El Refugio,l10n_sv_base_location.zip_sv_0102_02107
district_sv_010209,San Lorenzo,l10n_sv_base_location.zip_sv_0102_02115
district_sv_010212,Turín,l10n_sv_base_location.zip_sv_0102_02118
district_sv_010306,Guaymango,l10n_sv_base_location.zip_sv_0103_02108
district_sv_010307,Jujutla,l10n_sv_base_location.zip_sv_0103_02109
district_sv_010308,San Francisco Menéndez,l10n_sv_base_location.zip_sv_0103_02113
district_sv_010310,San Pedro Puxtla,l10n_sv_base_location.zip_sv_0103_02116
district_sv_020110,Santa Ana,l10n_sv_base_location.zip_sv_0201_02201
district_sv_020202,Coatepeque,l10n_sv_base_location.zip_sv_0202_02204
district_sv_020204,El Congo,l10n_sv_base_location.zip_sv_0202_02207
district_sv_020306,Masahuat,l10n_sv_base_location.zip_sv_0203_02210
district_sv_020307,Metapán,l10n_sv_base_location.zip_sv_0203_02211
district_sv_020311,Santa Rosa Guachipilín,l10n_sv_base_location.zip_sv_0203_02216
district_sv_020313,Texistepeque,l10n_sv_base_location.zip_sv_0203_02218
district_sv_020401,Candelaria de la Frontera,l10n_sv_base_location.zip_sv_0204_02203
district_sv_020403,Chalchuapa,l10n_sv_base_location.zip_sv_0204_02205
district_sv_020405,El Porvenir,l10n_sv_base_location.zip_sv_0204_02208
district_sv_020408,San Antonio Pajonal,l10n_sv_base_location.zip_sv_0204_02212
district_sv_020409,San Sebastián Salitrillo,l10n_sv_base_location.zip_sv_0204_02215
district_sv_020412,Santiago de la Frontera,l10n_sv_base_location.zip_sv_0204_02217
district_sv_030109,Nahulingo,l10n_sv_base_location.zip_sv_0301_02312
district_sv_030111,San Antonio del Monte,l10n_sv_base_location.zip_sv_0301_02314
district_sv_030114,Santo Domingo de Guzmán,l10n_sv_base_location.zip_sv_0301_02319
district_sv_030115,Sonsonate,l10n_sv_base_location.zip_sv_0301_02301
district_sv_030116,Sonzacate,l10n_sv_base_location.zip_sv_0301_02320
district_sv_030202,Armenia,l10n_sv_base_location.zip_sv_0302_02303
district_sv_030203,Caluco,l10n_sv_base_location.zip_sv_0302_02304
district_sv_030204,Cuisnahuat,l10n_sv_base_location.zip_sv_0302_02305
district_sv_030205,Santa Isabel Ishuatán,l10n_sv_base_location.zip_sv_0302_02318
district_sv_030206,Izalco,l10n_sv_base_location.zip_sv_0302_02306
district_sv_030212,San Julián,l10n_sv_base_location.zip_sv_0302_02316
district_sv_030307,Juayúa,l10n_sv_base_location.zip_sv_0303_02307
district_sv_030308,Nahuizalco,l10n_sv_base_location.zip_sv_0303_02311
district_sv_030310,Salcoatitán,l10n_sv_base_location.zip_sv_0303_02313
district_sv_030313,Santa Catarina Masahuat,l10n_sv_base_location.zip_sv_0303_02317
district_sv_030401,Acajutla,l10n_sv_base_location.zip_sv_0304_02302
district_sv_040101,Agua Caliente,l10n_sv_base_location.zip_sv_0401_01302
district_sv_040108,Dulce Nombre de María,l10n_sv_base_location.zip_sv_0401_01309
district_sv_040110,El Paraíso,l10n_sv_base_location.zip_sv_0401_01312
district_sv_040113,La Reina,l10n_sv_base_location.zip_sv_0401_01315
district_sv_040116,Nueva Concepción,l10n_sv_base_location.zip_sv_0401_01319
district_sv_040122,San Fernando,l10n_sv_base_location.zip_sv_0401_01326
district_sv_040124,San Francisco Morazán,l10n_sv_base_location.zip_sv_0401_01328
district_sv_040131,San Rafael,l10n_sv_base_location.zip_sv_0401_01333
district_sv_040132,Santa Rita,l10n_sv_base_location.zip_sv_0401_01334
district_sv_040133,Tejutla,l10n_sv_base_location.zip_sv_0401_01335
district_sv_040204,Citalá,l10n_sv_base_location.zip_sv_0402_01306
district_sv_040212,La Palma,l10n_sv_base_location.zip_sv_0402_01314
district_sv_040225,San Ignacio,l10n_sv_base_location.zip_sv_0402_01329
district_sv_040302,Arcatao,l10n_sv_base_location.zip_sv_0403_01303
district_sv_040303,Azacualpa,l10n_sv_base_location.zip_sv_0403_01304
district_sv_040305,Comalapa,l10n_sv_base_location.zip_sv_0403_01307
district_sv_040306,Concepción Quezaltepeque,l10n_sv_base_location.zip_sv_0403_01308
district_sv_040307,Chalatenango,l10n_sv_base_location.zip_sv_0403_01301
district_sv_040309,El Carrizal,l10n_sv_base_location.zip_sv_0403_01311
district_sv_040311,La Laguna,l10n_sv_base_location.zip_sv_0403_01313
district_sv_040314,Las Vueltas,l10n_sv_base_location.zip_sv_0403_01317
district_sv_040315,Nombre de Jesús,l10n_sv_base_location.zip_sv_0403_01318
district_sv_040317,Nueva Trinidad,l10n_sv_base_location.zip_sv_0403_01320
district_sv_040318,Ojos de Agua,l10n_sv_base_location.zip_sv_0403_01321
district_sv_040319,Potonico,l10n_sv_base_location.zip_sv_0403_01322
district_sv_040320,San Antonio de la Cruz,l10n_sv_base_location.zip_sv_0403_01324
district_sv_040321,San Antonio Los Ranchos,l10n_sv_base_location.zip_sv_0403_01325
district_sv_040323,San Francisco Lempa,l10n_sv_base_location.zip_sv_0403_01327
district_sv_040326,San Isidro Labrador,l10n_sv_base_location.zip_sv_0403_01330
district_sv_040327,San José Cancasque / Cancasque,l10n_sv_base_location.zip_sv_0403_01305
district_sv_040328,San José Las Flores / Las Flores,l10n_sv_base_location.zip_sv_0403_01316
district_sv_040329,San Luis del Carmen,l10n_sv_base_location.zip_sv_0403_01331
district_sv_040330,San Miguel de Mercedes,l10n_sv_base_location.zip_sv_0403_01332
district_sv_050102,Ciudad Arce,l10n_sv_base_location.zip_sv_0501_01504
district_sv_050115,San Juan Opico,l10n_sv_base_location.zip_sv_0501_01514
district_sv_050205,Chiltiupán,l10n_sv_base_location.zip_sv_0502_01507
district_sv_050208,Jicalapa,l10n_sv_base_location.zip_sv_0502_01510
district_sv_050209,La Libertad,l10n_sv_base_location.zip_sv_0502_01511
district_sv_050218,Tamanique,l10n_sv_base_location.zip_sv_0502_01522
district_sv_050220,Teotepeque,l10n_sv_base_location.zip_sv_0502_01523
district_sv_050301,Antiguo Cuscatlán,l10n_sv_base_location.zip_sv_0503_01502
district_sv_050306,Huizúcar,l10n_sv_base_location.zip_sv_0503_01508
district_sv_050310,Nuevo Cuscatlán,l10n_sv_base_location.zip_sv_0503_01513
district_sv_050314,San José Villanueva,l10n_sv_base_location.zip_sv_0503_01517
district_sv_050322,Zaragoza,l10n_sv_base_location.zip_sv_0503_01525
district_sv_050412,Quezaltepeque,l10n_sv_base_location.zip_sv_0504_01515
district_sv_050416,San Matías,l10n_sv_base_location.zip_sv_0504_01518
district_sv_050417,San Pablo Tacachico,l10n_sv_base_location.zip_sv_0504_01519
district_sv_050503,Colón,l10n_sv_base_location.zip_sv_0505_01512
district_sv_050507,Jayaque,l10n_sv_base_location.zip_sv_0505_01509
district_sv_050513,Sacacoyo,l10n_sv_base_location.zip_sv_0505_01516
district_sv_050519,Talnique,l10n_sv_base_location.zip_sv_0505_01521
district_sv_050521,Tepecoyo,l10n_sv_base_location.zip_sv_0505_01524
district_sv_050604,Comasagua,l10n_sv_base_location.zip_sv_0506_01506
district_sv_050611,Santa Tecla antes: Nueva San Salvador,l10n_sv_base_location.zip_sv_0506_01501
district_sv_060103,Ayutuxtepeque,l10n_sv_base_location.zip_sv_0601_01121
district_sv_060104,Cuscatancingo,l10n_sv_base_location.zip_sv_0601_01119
district_sv_060108,Mejicanos,l10n_sv_base_location.zip_sv_0601_01120
district_sv_060114,San Salvador,l10n_sv_base_location.zip_sv_0601_01101
district_sv_060119,Delgado,l10n_sv_base_location.zip_sv_0601_01118
district_sv_060207,Ilopango,l10n_sv_base_location.zip_sv_0602_01117
district_sv_060213,San Martín,l10n_sv_base_location.zip_sv_0602_01129
district_sv_060217,Soyapango,l10n_sv_base_location.zip_sv_0602_01116
district_sv_060218,Tonacatepeque,l10n_sv_base_location.zip_sv_0602_01132
district_sv_060301,Aguilares,l10n_sv_base_location.zip_sv_0603_01122
district_sv_060305,El Paisnal,l10n_sv_base_location.zip_sv_0603_01124
district_sv_060306,Guazapa,l10n_sv_base_location.zip_sv_0603_01125
district_sv_060402,Apopa,l10n_sv_base_location.zip_sv_0604_01123
district_sv_060409,Nejapa,l10n_sv_base_location.zip_sv_0604_01126
district_sv_060510,Panchimalco,l10n_sv_base_location.zip_sv_0605_01127
district_sv_060511,Rosario de Mora,l10n_sv_base_location.zip_sv_0605_01128
district_sv_060512,San Marcos,l10n_sv_base_location.zip_sv_0605_01115
district_sv_060515,Santiago Texacuangos,l10n_sv_base_location.zip_sv_0605_01130
district_sv_060516,Santo Tomás,l10n_sv_base_location.zip_sv_0605_01131
district_sv_070106,Oratorio de Concepción,l10n_sv_base_location.zip_sv_0701_01406
district_sv_070107,San Bartolomé Perulapía,l10n_sv_base_location.zip_sv_0701_01407
district_sv_070109,San José Guayabal,l10n_sv_base_location.zip_sv_0701_01409
district_sv_070110,San Pedro Perulapán,l10n_sv_base_location.zip_sv_0701_01410
district_sv_070115,Suchitoto,l10n_sv_base_location.zip_sv_0701_01415
district_sv_070201,Candelaria,l10n_sv_base_location.zip_sv_0702_01302
district_sv_070202,Cojutepeque,l10n_sv_base_location.zip_sv_0702_01401
district_sv_070203,El Carmen,l10n_sv_base_location.zip_sv_0702_01403
district_sv_070204,El Rosario,l10n_sv_base_location.zip_sv_0702_01404
district_sv_070205,Monte San Juan,l10n_sv_base_location.zip_sv_0702_01405
district_sv_070208,San Cristóbal,l10n_sv_base_location.zip_sv_0702_01408
district_sv_070211,San Rafael Cedros,l10n_sv_base_location.zip_sv_0702_01411
district_sv_070212,San Ramón,l10n_sv_base_location.zip_sv_0702_01412
district_sv_070213,Santa Cruz Analquito,l10n_sv_base_location.zip_sv_0702_01413
district_sv_070214,Santa Cruz Michapa,l10n_sv_base_location.zip_sv_0702_01414
district_sv_070216,Tenancingo,l10n_sv_base_location.zip_sv_0702_01416
district_sv_080102,El Rosario / Rosario de La Paz,l10n_sv_base_location.zip_sv_0801_01604
district_sv_080103,Jerusalén,l10n_sv_base_location.zip_sv_0801_01605
district_sv_080104,Mercedes La Ceiba,l10n_sv_base_location.zip_sv_0801_01607
district_sv_080106,Paraíso de Osorio,l10n_sv_base_location.zip_sv_0801_01609
district_sv_080107,San Antonio Masahuat,l10n_sv_base_location.zip_sv_0801_01610
district_sv_080108,San Emigdio,l10n_sv_base_location.zip_sv_0801_01611
district_sv_080112,San Juan Tepezontes,l10n_sv_base_location.zip_sv_0801_01615
district_sv_080114,San Miguel Tepezontes,l10n_sv_base_location.zip_sv_0801_01617
district_sv_080116,San Pedro Nonualco,l10n_sv_base_location.zip_sv_0801_01619
district_sv_080118,Santa María Ostuma,l10n_sv_base_location.zip_sv_0801_01621
district_sv_080119,Santiago Nonualco,l10n_sv_base_location.zip_sv_0801_01622
district_sv_080122,San Luis La Herradura,l10n_sv_base_location.zip_sv_0801_01606
district_sv_080210,San Juan Nonualco,l10n_sv_base_location.zip_sv_0802_01613
district_sv_080217,San Rafael Obrajuelo,l10n_sv_base_location.zip_sv_0802_01620
district_sv_080221,Zacatecoluca,l10n_sv_base_location.zip_sv_0802_01601
district_sv_080301,Cuyultitán,l10n_sv_base_location.zip_sv_0803_01603
district_sv_080305,Olocuilta,l10n_sv_base_location.zip_sv_0803_01608
district_sv_080309,San Francisco Chinameca,l10n_sv_base_location.zip_sv_0803_01612
district_sv_080311,San Juan Talpa,l10n_sv_base_location.zip_sv_0803_01614
district_sv_080313,San Luis Talpa,l10n_sv_base_location.zip_sv_0803_01616
district_sv_080315,San Pedro Masahuat,l10n_sv_base_location.zip_sv_0803_01618
district_sv_080320,Tapalhuaca,l10n_sv_base_location.zip_sv_0803_01623
district_sv_090102,Guacotecti,l10n_sv_base_location.zip_sv_0901_01203
district_sv_090105,San Isidro,l10n_sv_base_location.zip_sv_0901_01207
district_sv_090106,Sensuntepeque,l10n_sv_base_location.zip_sv_0901_01201
district_sv_090108,Victoria,l10n_sv_base_location.zip_sv_0901_01210
district_sv_090109,Dolores / Villa Dolores,l10n_sv_base_location.zip_sv_0901_01209
district_sv_090201,Cinquera,l10n_sv_base_location.zip_sv_0902_01202
district_sv_090203,Ilobasco,l10n_sv_base_location.zip_sv_0902_01204
district_sv_090204,Jutiapa,l10n_sv_base_location.zip_sv_0902_01206
district_sv_090207,Tejutepeque,l10n_sv_base_location.zip_sv_0902_01208
district_sv_100101,Apastepeque,l10n_sv_base_location.zip_sv_1001_01702
district_sv_100104,Santa Clara,l10n_sv_base_location.zip_sv_1001_01709
district_sv_100105,Santo Domingo,l10n_sv_base_location.zip_sv_1001_01710
district_sv_100106,San Esteban Catarina,l10n_sv_base_location.zip_sv_1001_01705
district_sv_100107,San Ildefonso,l10n_sv_base_location.zip_sv_1001_01706
district_sv_100108,San Lorenzo,l10n_sv_base_location.zip_sv_1001_01707
district_sv_100109,San Sebastián,l10n_sv_base_location.zip_sv_1001_01708
district_sv_100202,Guadalupe,l10n_sv_base_location.zip_sv_1002_01703
district_sv_100203,San Cayetano Istepeque,l10n_sv_base_location.zip_sv_1002_01704
district_sv_100210,San Vicente,l10n_sv_base_location.zip_sv_1002_01701
district_sv_100211,Tecoluca,l10n_sv_base_location.zip_sv_1002_01711
district_sv_100212,Tepetitán,l10n_sv_base_location.zip_sv_1002_01712
district_sv_100213,Verapaz,l10n_sv_base_location.zip_sv_1002_01713
district_sv_110103,California,l10n_sv_base_location.zip_sv_1101_03404
district_sv_110104,Concepción Batres,l10n_sv_base_location.zip_sv_1101_03405
district_sv_110106,Ereguayquín,l10n_sv_base_location.zip_sv_1101_03407
district_sv_110110,Jucuarán,l10n_sv_base_location.zip_sv_1101_03411
district_sv_110113,Ozatlán,l10n_sv_base_location.zip_sv_1101_03415
district_sv_110117,San Dionisio,l10n_sv_base_location.zip_sv_1101_03420
district_sv_110118,Santa Elena,l10n_sv_base_location.zip_sv_1101_03422
district_sv_110120,Santa María,l10n_sv_base_location.zip_sv_1101_03423
district_sv_110122,Tecapán,l10n_sv_base_location.zip_sv_1101_03426
district_sv_110123,Usulután,l10n_sv_base_location.zip_sv_1101_03401
district_sv_110201,Alegría,l10n_sv_base_location.zip_sv_1102_03404
district_sv_110202,Berlín,l10n_sv_base_location.zip_sv_1102_03403
district_sv_110205,El Triunfo,l10n_sv_base_location.zip_sv_1102_03406
district_sv_110207,Estanzuelas,l10n_sv_base_location.zip_sv_1102_03408
district_sv_110209,Jucuapa,l10n_sv_base_location.zip_sv_1102_03410
district_sv_110211,Mercedes Umaña,l10n_sv_base_location.zip_sv_1102_03412
district_sv_110212,Nueva Granada,l10n_sv_base_location.zip_sv_1102_03413
district_sv_110216,San Buenaventura,l10n_sv_base_location.zip_sv_1102_03409
district_sv_110221,Santiago de María,l10n_sv_base_location.zip_sv_1102_03424
district_sv_110308,Jiquilisco,l10n_sv_base_location.zip_sv_1103_03409
district_sv_110314,Puerto El Triunfo,l10n_sv_base_location.zip_sv_1103_03417
district_sv_110315,San Agustín,l10n_sv_base_location.zip_sv_1103_03418
district_sv_110319,San Francisco Javier,l10n_sv_base_location.zip_sv_1103_03421
district_sv_120103,Comacarán,l10n_sv_base_location.zip_sv_1201_03304
district_sv_120106,Chirilagua,l10n_sv_base_location.zip_sv_1201_03307
district_sv_120109,Moncagua,l10n_sv_base_location.zip_sv_1201_03312
district_sv_120112,Quelepa,l10n_sv_base_location.zip_sv_1201_03315
district_sv_120117,San Miguel,l10n_sv_base_location.zip_sv_1201_03301
district_sv_120120,Uluazapa,l10n_sv_base_location.zip_sv_1201_03324
district_sv_120201,Carolina,l10n_sv_base_location.zip_sv_1202_03302
district_sv_120202,Ciudad Barrios,l10n_sv_base_location.zip_sv_1202_03303
district_sv_120204,Chapeltique,l10n_sv_base_location.zip_sv_1202_03305
district_sv_120211,Nuevo Edén de San Juan,l10n_sv_base_location.zip_sv_1202_03314
district_sv_120213,San Antonio del Mosco,l10n_sv_base_location.zip_sv_1202_03316
district_sv_120214,San Gerardo,l10n_sv_base_location.zip_sv_1202_03318
district_sv_120216,San Luis de La Reina,l10n_sv_base_location.zip_sv_1202_03320
district_sv_120219,Sesori,l10n_sv_base_location.zip_sv_1202_03323
district_sv_120305,Chinameca,l10n_sv_base_location.zip_sv_1203_03306
district_sv_120307,El Tránsito,l10n_sv_base_location.zip_sv_1203_03309
district_sv_120308,Lolotique,l10n_sv_base_location.zip_sv_1203_03311
district_sv_120310,Nueva Guadalupe,l10n_sv_base_location.zip_sv_1203_03313
district_sv_120315,San Jorge,l10n_sv_base_location.zip_sv_1203_03319
district_sv_120318,San Rafael Oriente,l10n_sv_base_location.zip_sv_1203_03322
district_sv_130101,Arambala,l10n_sv_base_location.zip_sv_1301_03202
district_sv_130102,Cacaopera,l10n_sv_base_location.zip_sv_1301_03216
district_sv_130103,Corinto,l10n_sv_base_location.zip_sv_1301_03204
district_sv_130107,El Rosario,l10n_sv_base_location.zip_sv_1301_03208
district_sv_130110,Joateca,l10n_sv_base_location.zip_sv_1301_03211
district_sv_130111,Jocoaitique,l10n_sv_base_location.zip_sv_1301_03212
district_sv_130114,Meanguera,l10n_sv_base_location.zip_sv_1301_03215
district_sv_130116,Perquín,l10n_sv_base_location.zip_sv_1301_03217
district_sv_130118,San Fernando,l10n_sv_base_location.zip_sv_1301_03219
district_sv_130120,San Isidro,l10n_sv_base_location.zip_sv_1301_03220
district_sv_130124,Torola,l10n_sv_base_location.zip_sv_1301_03224
district_sv_130204,Chilanga,l10n_sv_base_location.zip_sv_1302_03203
district_sv_130205,Delicias de Concepción,l10n_sv_base_location.zip_sv_1302_03206
district_sv_130206,El Divisadero,l10n_sv_base_location.zip_sv_1302_03207
district_sv_130208,Gualococti,l10n_sv_base_location.zip_sv_1302_03209
district_sv_130209,Guatajiagua,l10n_sv_base_location.zip_sv_1302_03210
district_sv_130212,Jocoro,l10n_sv_base_location.zip_sv_1302_03213
district_sv_130213,Lolotiquillo,l10n_sv_base_location.zip_sv_1302_03214
district_sv_130215,Osicala,l10n_sv_base_location.zip_sv_1302_03216
district_sv_130217,San Carlos,l10n_sv_base_location.zip_sv_1302_03218
district_sv_130219,San Francisco Gotera,l10n_sv_base_location.zip_sv_1302_03201
district_sv_130221,San Simón,l10n_sv_base_location.zip_sv_1302_03221
district_sv_130222,Sensembra,l10n_sv_base_location.zip_sv_1302_03222
district_sv_130223,Sociedad,l10n_sv_base_location.zip_sv_1302_03223
district_sv_130225,Yamabal,l10n_sv_base_location.zip_sv_1302_03225
district_sv_130226,Yoloaiquín,l10n_sv_base_location.zip_sv_1302_03226
district_sv_140101,Anamorós,l10n_sv_base_location.zip_sv_1401_03104
district_sv_140102,Bolívar,l10n_sv_base_location.zip_sv_1401_03105
district_sv_140103,Concepción de Oriente,l10n_sv_base_location.zip_sv_1401_03106
district_sv_140106,El Sauce,l10n_sv_base_location.zip_sv_1401_03109
district_sv_140109,Lislique,l10n_sv_base_location.zip_sv_1401_03112
district_sv_140111,Nueva Esparta,l10n_sv_base_location.zip_sv_1401_03114
district_sv_140112,Pasaquina,l10n_sv_base_location.zip_sv_1401_03116
district_sv_140113,Polorós,l10n_sv_base_location.zip_sv_1401_03117
district_sv_140115,San José La Fuente,l10n_sv_base_location.zip_sv_1401_03120
district_sv_140116,Santa Rosa de Lima,l10n_sv_base_location.zip_sv_1401_03121
district_sv_140204,Conchagua,l10n_sv_base_location.zip_sv_1402_03107
district_sv_140205,El Carmen,l10n_sv_base_location.zip_sv_1402_03108
district_sv_140207,Intipucá,l10n_sv_base_location.zip_sv_1402_03111
district_sv_140208,La Unión,l10n_sv_base_location.zip_sv_1402_03101
district_sv_140210,Meanguera del Golfo,l10n_sv_base_location.zip_sv_1402_03113
district_sv_140214,San Alejo,l10n_sv_base_location.zip_sv_1402_03119
district_sv_140217,Yayantique,l10n_sv_base_location.zip_sv_1402_03122
district_sv_140218,Yucuaiquín,l10n_sv_base_location.zip_sv_1402_03123
